{
	"id": "40d42ab2-9209-45de-85e4-5d59196f69b4",
	"name": "StudentDetails",
	"values": [
		{
			"key": "baseUrl",
			"value": "https://thetestingworldapi.com",
			"enabled": true
		},
		{
			"key": "first_name",
			"value": "",
			"type": "any",
			"enabled": true
		},
		{
			"key": "middle_name",
			"value": "",
			"type": "any",
			"enabled": true
		},
		{
			"key": "last_name",
			"value": "",
			"type": "any",
			"enabled": true
		},
		{
			"key": "date_of_birth",
			"value": "",
			"type": "any",
			"enabled": true
		},
		{
			"key": "id",
			"value": "",
			"type": "any",
			"enabled": true
		},
		{
			"key": "yearexp",
			"value": "",
			"type": "any",
			"enabled": true
		},
		{
			"key": "lastused",
			"value": "",
			"type": "any",
			"enabled": true
		},
		{
			"key": "House_Number",
			"value": "",
			"type": "any",
			"enabled": true
		},
		{
			"key": "City",
			"value": "",
			"type": "any",
			"enabled": true
		},
		{
			"key": "State",
			"value": "",
			"type": "any",
			"enabled": true
		},
		{
			"key": "Country",
			"value": "",
			"type": "any",
			"enabled": true
		},
		{
			"key": "Std_Code1",
			"value": "",
			"type": "any",
			"enabled": true
		},
		{
			"key": "Home1",
			"value": "",
			"type": "any",
			"enabled": true
		},
		{
			"key": "Mobile1",
			"value": "",
			"type": "any",
			"enabled": true
		},
		{
			"key": "Std_Code2",
			"value": "",
			"type": "any",
			"enabled": true
		},
		{
			"key": "Home2",
			"value": "",
			"type": "any",
			"enabled": true
		},
		{
			"key": "Mobile2",
			"value": "",
			"type": "any",
			"enabled": true
		}
	],
	"_postman_variable_scope": "environment",
	"_postman_exported_at": "2023-08-30T14:30:16.006Z",
	"_postman_exported_using": "Postman/10.17.5-230829-0633"
}